<?xml version="1.0" encoding="UTF-8"?>
<beans xmlns="http://www.springframework.org/schema/beans"
	xmlns:xsi="http://www.w3.org/2001/XMLSchema-instance"
	xsi:schemaLocation="http://www.springframework.org/schema/beans http://www.springframework.org/schema/beans/spring-beans-2.0.xsd">
	<import resource="jms-context.xml" />
	<!-- JMS Producer Configuration -->
	<bean id="jmsConsumerConnectionFactory"
		class="org.springframework.jms.connection.SingleConnectionFactory">
		<constructor-arg ref="connectionFactory" />
	</bean>

	<bean id="messageConverter"
		class="com.prokarma.jms.training.service.DefaultMessageConverter" />

	<bean id="listener"
		class="org.springframework.jms.listener.DefaultMessageListenerContainer">
		<property name="connectionFactory" ref="jmsConsumerConnectionFactory" />
		<property name="destination" ref="sampleQueue" />
		<property name="messageListener" ref="messageListener" />
	</bean>

	<bean id="serviceProvider" class="com.prokarma.jms.training.service.ServiceProvider" />


	<bean id="messageListener"
		class="org.springframework.jms.listener.adapter.MessageListenerAdapter">
		<property name="delegate" ref="serviceProvider" />
		<property name="defaultListenerMethod" value="process" />
		<property name="messageConverter" ref="messageConverter" />
	</bean>
</beans>
