<!--<change-set xmlns='http://drools.org/drools-5.0/change-set' xmlns:xs='http://www.w3.org/2001/XMLSchema-instance' 
	xs:schemaLocation='http://drools.org/drools-5.0/change-set drools-change-set-5.0.xsd'> 
	<add> <resource source='http://localhost:8080/guvnor-5.2.0.Final-tomcat-6.0/org.drools.guvnor.Guvnor/package/driving/LATEST' 
	type='PKG' basicAuthentication="enabled" username="admin" password="admin" 
	/> </add> </change-set> <change-set xs:schemaLocation="http://drools.org/drools-5.0/change-set 
	http://anonsvn.jboss.org/repos/labs/labs/jbossrules/trunk/drools-api/src/main/resources/change-set-1.0.0.xsd" 
	xmlns:xs="http://www.w3.org/2001/XMLSchema-instance" xmlns="http://drools.org/drools-5.0/change-set"> -->
<change-set xmlns='http://drools.org/drools-5.0/change-set'
	xmlns:xs='http://www.w3.org/2001/XMLSchema-instance'
	xs:schemaLocation='http://drools.org/drools-5.0/change-set drools-change-set-5.0.xsd'>
	<add>
		<resource type="PKG"
			source="http://localhost:8080/guvnor-5.2.0.Final-tomcat-6.0/org.drools.guvnor.Guvnor/package/examples/LATEST" />
	</add>
</change-set>