<?xml version="1.0" encoding="UTF-8"?>
<beans xmlns="http://www.springframework.org/schema/beans"
	xmlns:xsi="http://www.w3.org/2001/XMLSchema-instance"
	xsi:schemaLocation="http://www.springframework.org/schema/beans http://www.springframework.org/schema/beans/spring-beans-2.0.xsd">
	<import resource="jms-context.xml" />
	<!-- JMS Producer Configuration -->
	<bean id="jmsProducerConnectionFactory"
		class="org.springframework.jms.connection.SingleConnectionFactory">
		<constructor-arg ref="connectionFactory" />
	</bean>


	<bean id="jmsProducerTemplate" class="org.springframework.jms.core.JmsTemplate">
		<constructor-arg ref="jmsProducerConnectionFactory" />
		<property name="defaultDestination" ref="sampleQueue" />
	</bean>

	<bean id="producer" class="com.prokarma.jms.training.Producer">
		<constructor-arg ref="jmsProducerTemplate" />
	</bean>
	
</beans>
